{"stats":{"minecraft:used":{"minecraft:stone_pickaxe":19,"minecraft:wooden_pickaxe":21,"minecraft:stone_axe":42,"minecraft:torch":2,"minecraft:dirt":2,"minecraft:cobblestone":6,"minecraft:crafting_table":2},"minecraft:dropped":{"minecraft:wooden_pickaxe":2},"minecraft:mined":{"minecraft:iron_ore":1,"minecraft:crafting_table":2,"minecraft:torch":1,"minecraft:short_grass":1,"minecraft:oak_log":44,"minecraft:coal_ore":8,"minecraft:dirt":2,"minecraft:cobblestone":4,"minecraft:stone":24,"minecraft:oak_leaves":10,"minecraft:wall_torch":1},"minecraft:custom":{"minecraft:time_since_rest":41974,"minecraft:sprint_one_cm":32468,"minecraft:damage_taken":10,"minecraft:walk_one_cm":8151,"minecraft:drop":2,"minecraft:interact_with_crafting_table":4,"minecraft:fly_one_cm":6383,"minecraft:crouch_one_cm":199,"minecraft:play_time":41974,"minecraft:sneak_time":228,"minecraft:jump":28,"minecraft:time_since_death":41974,"minecraft:total_world_time":41974,"minecraft:fall_one_cm":964},"minecraft:crafted":{"minecraft:oak_planks":176,"minecraft:crafting_table":1,"minecraft:stick":80,"minecraft:wooden_pickaxe":1,"minecraft:stone_pickaxe":1,"minecraft:stone_sword":1,"minecraft:furnace":1,"minecraft:torch":4,"minecraft:stone_axe":1},"minecraft:picked_up":{"minecraft:crafting_table":2,"minecraft:raw_iron":1,"minecraft:torch":2,"minecraft:wooden_pickaxe":1,"minecraft:oak_log":44,"minecraft:dirt":2,"minecraft:coal":8,"minecraft:cobblestone":28}},"DataVersion":3953}